-- MySQL dump 10.13  Distrib 5.6.44, for Linux (x86_64)
--
-- Host: localhost    Database: localremesas
-- ------------------------------------------------------
-- Server version	5.6.44-cll-lve

/*!40101 SET @OLD_CHARACTER_SET_CLIENT=@@CHARACTER_SET_CLIENT */;
/*!40101 SET @OLD_CHARACTER_SET_RESULTS=@@CHARACTER_SET_RESULTS */;
/*!40101 SET @OLD_COLLATION_CONNECTION=@@COLLATION_CONNECTION */;
/*!40101 SET NAMES utf8 */;
/*!40103 SET @OLD_TIME_ZONE=@@TIME_ZONE */;
/*!40103 SET TIME_ZONE='+00:00' */;
/*!40014 SET @OLD_UNIQUE_CHECKS=@@UNIQUE_CHECKS, UNIQUE_CHECKS=0 */;
/*!40014 SET @OLD_FOREIGN_KEY_CHECKS=@@FOREIGN_KEY_CHECKS, FOREIGN_KEY_CHECKS=0 */;
/*!40101 SET @OLD_SQL_MODE=@@SQL_MODE, SQL_MODE='NO_AUTO_VALUE_ON_ZERO' */;
/*!40111 SET @OLD_SQL_NOTES=@@SQL_NOTES, SQL_NOTES=0 */;

--
-- Table structure for table `bancos`
--

DROP TABLE IF EXISTS `bancos`;
/*!40101 SET @saved_cs_client     = @@character_set_client */;
/*!40101 SET character_set_client = utf8 */;
CREATE TABLE `bancos` (
  `id` int(10) unsigned NOT NULL AUTO_INCREMENT,
  `nombre` varchar(20) DEFAULT NULL,
  `saldo` decimal(20,2) DEFAULT NULL,
  `divisa` varchar(3) DEFAULT NULL,
  PRIMARY KEY (`id`)
) ENGINE=MyISAM AUTO_INCREMENT=16 DEFAULT CHARSET=latin1;
/*!40101 SET character_set_client = @saved_cs_client */;

--
-- Dumping data for table `bancos`
--

LOCK TABLES `bancos` WRITE;
/*!40000 ALTER TABLE `bancos` DISABLE KEYS */;
INSERT INTO `bancos` VALUES (14,'DOLARPEN',16064.35,'PEN'),(3,'VIENA',3751063.08,'VES'),(4,'DKROSS',3736253.04,'VES'),(5,'BCP',17358.90,'PEN'),(6,'BCP',4217.17,'USD'),(7,'SCOTIABANK',1391.74,'PEN'),(8,'SCOTIABANK',319.24,'USD'),(9,'BANPA / ZELLE',320.00,'USD'),(11,'STEFANNY',84904.07,'VES'),(12,'MERDKROSS',1152787.44,'VES'),(13,'PROVINCIAL',0.00,'VES');
/*!40000 ALTER TABLE `bancos` ENABLE KEYS */;
UNLOCK TABLES;

--
-- Table structure for table `cuentas`
--

DROP TABLE IF EXISTS `cuentas`;
/*!40101 SET @saved_cs_client     = @@character_set_client */;
/*!40101 SET character_set_client = utf8 */;
CREATE TABLE `cuentas` (
  `id` int(10) unsigned NOT NULL AUTO_INCREMENT,
  `nombre` varchar(200) DEFAULT NULL,
  `tipo_cedula` varchar(10) DEFAULT NULL,
  `cedula` varchar(100) DEFAULT NULL,
  `tipo_cuenta` varchar(100) DEFAULT NULL,
  `cuenta` varchar(200) DEFAULT NULL,
  PRIMARY KEY (`id`)
) ENGINE=MyISAM AUTO_INCREMENT=154 DEFAULT CHARSET=latin1;
/*!40101 SET character_set_client = @saved_cs_client */;

--
-- Dumping data for table `cuentas`
--

LOCK TABLES `cuentas` WRITE;
/*!40000 ALTER TABLE `cuentas` DISABLE KEYS */;
INSERT INTO `cuentas` VALUES (1,'XAVIER OREJARENA','V','19398747','CORRIENTE','01340946340001440220'),(2,'XAVIER OREJARENA','V','19398747','CORRIENTE','01050020651020666722'),(3,'CARLOS LUNA','V','1176056','CORRIENTE','01340423214233039267'),(4,'CARLYS ALDANA','V','23812425','CORRIENTE','01050620411620089823'),(7,'GREGORIA MATOS','V','5727453','CORRIENTE','01020329540000239392'),(6,'ELIANIS MARIN','V','19154391','CORRIENTE','01020749500000296607'),(8,'INVERSIONES MI VI','J','404020560','CORRIENTE','01340338403381061830'),(9,'RAFAEL DOVAL','V','16457244','CORRIENTE','01160128620021599300'),(10,'KARINA SANCHEZ','V','14263839','CORRIENTE','01020696160100009196'),(11,' GUSTAVO LEON','V','25098903','CORRIENTE','01050089341089062515'),(12,'RARIAMBAR FASHION ','J','406263222','CORRIENTE','01340414354141013687'),(13,'ROYMARCY GOMEZ','V','18698123','CORRIENTE','01341070430001003378'),(14,'JORGE LUIS PAICO','V','20364835','CORRIENTE','01340124121243041164'),(15,'INVERSIONES RODACE','J','400391318','CORRIENTE','01340387253871051499'),(16,'CORPORACION STANFOR','J','402809719','CORRIENTE','01340213262131037391'),(17,'ELIU CASTILLO','V','19381206','CORRIENTE','01340520415201013827'),(18,'SUMINISTROS DOM','J','404869182','CORRIENTE','01050670131670129934'),(19,'ALBERTO VILLAVICENC','V','17882615','CORRIENTE','01082422220100097312'),(20,'FRANCISCO SANTANDER','V','3840330','CORRIENTE','01050094091094335657'),(21,'MARLENE LEDEZMA','V','5557312','CORRIENTE','01020358910000445092'),(22,'RAIZA ROJAS','V','19771895','CORRIENTE','01340946340001512582'),(23,'JOSE MARQUEZ','V','1352369','CORRIENTE','01340950160002352875'),(24,'GABRIEL FUENMAYOR','V','19215455','CORRIENTE','01020145450000525860'),(26,' KOQUETAS COSMETI','J','411754269','CORRIENTE','01050183191183090609'),(29,'LOURDES FLEX','V',' 8178921 ','CORRIENTE','01050192098192002381'),(28,'MARIA ALI HERRERA','V',' 13838330','CORRIENTE','01050111311111431973'),(30,'CARMEN OCHOA','V','8516021','CORRIENTE','01050062151062317602'),(31,'JUAN MORENO','V','14995399','AHORRO','01050059150059345829'),(32,'SALOMON PERAZA','V','7364447','CORRIENTE','01341000310001014628'),(33,'YAMILE MACHADO','V','13576989','CORRIENTE','01340783557831010781'),(34,'OMAR NOUREDDINE','V','18261248','CORRIENTE','01340416004161018976'),(35,'ODALIS MENDOZA','V','14695671','CORRIENTE','01750386380073268911'),(36,'FLORA DOLLY HERNAND','V','11826191','CORRIENTE','01020513110000109448'),(37,'LONNY AREVALO','V','24642421','CORRIENTE','01020317110000469751'),(38,'LOURDES RAMIREZ','V','11095919','CORRIENTE','01020317150100067441'),(39,'JANETH TORTOLA','V','21281073','CORRIENTE','01080063330100293629'),(40,'XIOMARA RIVERO','V','13207745','CORRIENTE','01160059010020369093'),(41,'RUBEN VERA','V','12206506','CORRIENTE','01340057160571017223'),(42,' CESAR AUGUSTO BRI','V','12200646 ','CORRIENTE','01340338463383039472'),(43,'MARIBEL UZCATEGUI','V','24747290','CORRIENTE','01080596150100111804'),(44,'OVELIA GALLARDO ','V','9631969','CORRIENTE','01340325263251056965'),(45,'WILFREDO CARVAJAL','V','18412325','CORRIENTE','01340945509461057232'),(46,'LUIS ANTONIO RODRI','V','18560954','CORRIENTE','01080097810100098244'),(47,'MARIANA ACEVEDO','V','24214414','CORRIENTE','01340946310005058461'),(48,'MANUEL BASTARDO','V',' 8275338','CORRIENTE','01340198501983040435'),(49,'LISRROU ASCANIO','V','16935681','CORRIENTE','01340866170001249359'),(50,'JOHANA URBINA','V',' 19427901','CORRIENTE','01080002150100349036'),(51,'KATIUSCA GONZALEZ ','V','15846505','CORRIENTE','01020652930000013770'),(52,'LEONARDO JOSE ROMER','V','21286752','CORRIENTE','01340523945231016485'),(53,'GLORIANGELES FERMI','V','27335234','CORRIENTE','01020447010100040629'),(54,'DAMELYS CRESPO','V','18163586','CORRIENTE','01020467410000591496'),(55,'EDITH DE DIAZ','V','11137009','CORRIENTE','01020114410000613248'),(56,'DAMELYS CRESPO','V','18163586','CORRIENTE','01050608541608004945'),(57,'INVERSIONES INTELI','V',' 40821599','CORRIENTE','01050699981699190461'),(58,'JOSE CLEMAT','V','27871249','CORRIENTE','01050687521687163820'),(59,'TERESA GUERRA ','V','5911005','CORRIENTE','01750134810061772472'),(60,'CARLOS LUGO','V','16339948','CORRIENTE','01340467434673045963'),(61,'MAMA TILA','J','405219394','CORRIENTE','01340989749891003112'),(62,'MAIRA TORRES','V','18938677','CORRIENTE','01050011780011977523'),(63,'HECTOR RUJANO','V','14699340','CORRIENTE','01050298591298038405'),(64,'TILMAR PACHECO','V','24574118','CORRIENTE','01160459520201968509'),(65,'MARIBEL QUIRPA','V','20684764','CORRIENTE','01020113610000206888'),(66,'ORANGEL SUMOZA','V','7169607','CORRIENTE','01340205112053027951'),(67,'FRANCISCO MARTIN','V','7369737','CORRIENTE','01050093171093076143'),(68,'ESTEBAN ZAMBRANO','V','1573750','CORRIENTE','01080118470200070706'),(69,'BERNARDO BUSTAMANTE','V','3449574','AHORRO','01140435934351083404'),(70,'SIBARIS CAGUA CA ','J','400423856','CORRIENTE','01340142061421451010'),(71,'JKM PRODUCTIONS ','J','410130253','CORRIENTE','01050061301061503828'),(72,'HAYBRIN PIROLO ','V','13817795','CORRIENTE','01341009700003006494'),(73,'FREDDY ALVARADO','V','8050140','CORRIENTE','01340408984081043879'),(74,'FREDDY PORTILLO','V','5057441','CORRIENTE','01050177680177101032'),(75,'MAIKE PENA','V','15296545','CORRIENTE','01050065637065066266'),(76,'HEIDI MEDINA','V','9649909','CORRIENTE','01510199743000685613'),(77,' JUAN SOLORZANO','V','11788002','CORRIENTE','01082434600100080563'),(78,'CARLOS HERRERA','V','14429821','CORRIENTE','01340945549461237086'),(79,'R&AMP;R SURVEY TECHNOL','J','407127586','CORRIENTE','01340783527831015439'),(80,'GLADYS SANCHEZ MI','V','085527114','CORRIENTE','01340391193911056139'),(81,'JOSE GUTIERREZ','V','8636103','CORRIENTE','01050128880128206829'),(82,'CAROLINA BOLIVAR','V','13665774','CORRIENTE','01050073750073166324'),(83,'NOEL JOSE CORDOBA','V','18147550','CORRIENTE','01050070241070373214'),(84,'OSWALDO SANCHEZ ','V',' 8140896','CORRIENTE','01341009790003001871'),(85,'AMBAR BASTIDAS','V','14100209','CORRIENTE','01050666211666151440'),(86,'GMA COMERCIALIZA','J',' 40913129','CORRIENTE','01050123731123170959'),(87,'EDUARD ROSALES','V','18581674','CORRIENTE','01340945539461532942'),(88,'CARMEN CECILIA RANG','V','13038459','CORRIENTE','01340173011731027601'),(89,'OSCORP','J','400654599','CORRIENTE','01340171351711064920'),(90,'NIURKA DEVIDE','V','5611771 ','CORRIENTE','01340364393642231668'),(91,'RUT GARCIA','V','16717928','CORRIENTE','01340945589461663129'),(92,'JOEL CASTANEDA','E','84590325','CORRIENTE','01050032051032651652'),(93,'ROSAINE ROSALES','V','25166188','CORRIENTE','01050612391612092640'),(94,'YUDYA COLMENARES','V',' 9340667','CORRIENTE','01050671941671023145'),(95,'CARLOS ESPINA','V','20584769','CORRIENTE','01340341423413023071'),(96,'CARMEN SANCHEZ','V','11850595','CORRIENTE','01341037280003004053'),(98,'INVERSIONES HAVELM','J','407065718','CORRIENTE','01340347323471064022'),(99,'D SOLER VIAJES CA','J','403281742','CORRIENTE','01340563865631034595'),(100,'RONALD HURTADO','V','16869895','CORRIENTE','01340335013353030830'),(101,'ELIZABETH LOPEZ ','V','19412060','CORRIENTE','01340946380001554022'),(102,'AGROVALENCIA FYN1','J','406607142','CORRIENTE','01340144681443145701'),(103,'JOSE MOLINA ','V','20406073','CORRIENTE','01340057190571020290'),(104,'MARIA DIAZ ','V','18332261','CORRIENTE','01340218342181017098'),(105,'NANOS SPORT CA','J','298966360','CORRIENTE','01340067940671031219'),(106,'ANAIS CONTRERAS','V','17773319','CORRIENTE','01050032001032727357'),(107,'DORIS QUIJADA ','V','6521451','CORRIENTE','01340251522511016749'),(108,'COMERCIAL PUNTO SAM','J','408782073','CORRIENTE','01340087310871061291'),(109,'RICHARD GONZALEZ','V','14284954','CORRIENTE','01050229281229009671'),(110,'GABRIEL CONTRERAS','V','20914583','CORRIENTE','01050287010287164438'),(122,'JOSE LUIS RAMOS','V','6889683','CORRIENTE','01340533615331077099'),(112,'DANIELA GONZALEZ','V','25687221','CORRIENTE','01050126110126317941'),(113,'ANGELICA ACEVEDO','V','17120762','CORRIENTE','01340368623681075054'),(115,'LATONERIA BRACA ','J','403938792','CORRIENTE','01340144611441016762'),(116,'ANDREA MATOS','V','3729834','CORRIENTE','01050025710025192191'),(117,'GUERRERO INVERSIO','J','405358882','CORRIENTE','01340073300731068258'),(118,'TELPHONE JYM CA ','J','314017411','CORRIENTE','01340194291941010101'),(119,'JESUS DAUBETERRE','V','4496688','CORRIENTE','01340186151861045310'),(120,'ILIANA MATOS','V','10407161','CORRIENTE','01140502965021180574'),(121,'ANDREA MONCAYO','V','25485035','CORRIENTE','01340945569461576574'),(123,'JOSE VELASQUES ROJA','V','13257926','CORRIENTE','01050069901069330264'),(124,'ISAAC MORA SILVA ','V','26217030','CORRIENTE','01340946390001377771'),(125,'LUISA BASTARDO GONZ','V','3694798','CORRIENTE','01020330910100776264'),(126,'INVERSIONES MEDINA','J','298371730','CORRIENTE','01340389953893163963'),(127,'YENIFER MATA','V','12418050','CORRIENTE','01340389913893161108'),(128,'YOSELIN GUANIPA','V','9762501','CORRIENTE','01050679441679053523'),(129,'ERICK PERAZA','V','19004154','CORRIENTE','01050105991105057186'),(130,'JANETH DE PAREJO','V','9705554','CORRIENTE','01340980329802000925'),(131,'CARMEN GONZALEZ','V','13808270','CORRIENTE','01020645660100001377'),(132,'FRANCISCO URQUIA ','V','7164022','CORRIENTE','01020757650000030902'),(133,'MERCEDES DIAZ','V','17487215','CORRIENTE','01020536160100003186'),(134,'TIVISAY DIAZ','V','8376036','CORRIENTE','01340459384591044645'),(136,'LISBETH GONZALEZ','V','8651062','CORRIENTE','01340459374593023607'),(137,'SERAPIO ORDAZ','V','11539420','CORRIENTE','01340946300001059320'),(139,'LOURDES GARCIA','V','11903034','CORRIENTE','01340945559461113620'),(140,'YRISMAR ORELLANA','V','20920120','CORRIENTE','01050045161045717258'),(141,'JOSE NAVARRO','V','16601547','CORRIENTE','01340946380001548317'),(142,'NORIS ALASTRE','V','7361540','CORRIENTE','01020211650000966380'),(143,'AISKEL GIMENEZ ','V','24340614','CORRIENTE','01050102431102172618'),(144,'LUIS CHIRINO','V','9114811','CORRIENTE','01340082210823142966'),(145,'MARIA ALVARADO','V','15767542','CORRIENTE','01082447880100210395'),(146,'MARIELYS MICHELENA','V','14271072','CORRIENTE','01341075550001002708'),(147,'OMAIRA SANCHEZ','V','10866272','CORRIENTE','01020261250100004463'),(148,'OMAIRA SANCHEZ','V','10866272','CORRIENTE','01630607006075000107'),(151,'MARGARET ACERO','V','20053043','CORRIENTE','01340215912151054934'),(150,'YUAGLEIDY SALVATIERR','V','22942254 ','CORRIENTE','01340946390001360162'),(152,'MORELIA VALDIVIESO','V','8353048','CORRIENTE','01050245460245018182'),(153,'SUMINISTROS EQUIPOS','J','311450483','CORRIENTE','01340820358201014649');
/*!40000 ALTER TABLE `cuentas` ENABLE KEYS */;
UNLOCK TABLES;

--
-- Table structure for table `pagos_in`
--

DROP TABLE IF EXISTS `pagos_in`;
/*!40101 SET @saved_cs_client     = @@character_set_client */;
/*!40101 SET character_set_client = utf8 */;
CREATE TABLE `pagos_in` (
  `id` int(10) unsigned NOT NULL AUTO_INCREMENT,
  `id_usuario` int(10) unsigned DEFAULT NULL,
  `id_banco` int(10) unsigned DEFAULT NULL,
  `monto` decimal(10,2) DEFAULT NULL,
  `referencia` varchar(64) DEFAULT NULL,
  `tasa` decimal(10,2) DEFAULT NULL,
  `estado` varchar(64) DEFAULT NULL,
  `flag` int(1) unsigned DEFAULT NULL,
  `reg_date` timestamp NOT NULL DEFAULT CURRENT_TIMESTAMP,
  PRIMARY KEY (`id`),
  KEY `id_usuario` (`id_usuario`),
  KEY `id_banco` (`id_banco`)
) ENGINE=MyISAM AUTO_INCREMENT=292 DEFAULT CHARSET=latin1;
/*!40101 SET character_set_client = @saved_cs_client */;

--
-- Dumping data for table `pagos_in`
--

LOCK TABLES `pagos_in` WRITE;
/*!40000 ALTER TABLE `pagos_in` DISABLE KEYS */;
INSERT INTO `pagos_in` VALUES (1,NULL,5,-3.65,'000000',NULL,NULL,1,'2019-08-01 14:14:43'),(2,NULL,5,884.42,'07735193',NULL,NULL,1,'2019-08-01 14:15:13'),(3,7,5,107.50,'151199',3500.00,'PAGADO',2,'2019-08-01 18:22:13'),(4,8,5,103.00,'0',3500.00,'PAGADO',4,'2019-08-01 18:30:00'),(5,9,5,73.00,'0',3500.00,'PRESTAMO',4,'2019-08-01 18:42:21'),(6,8,5,30.00,'0',3500.00,'PAGADO',4,'2019-08-01 18:43:14'),(7,8,5,73.00,'0',3500.00,'PAGADO',4,'2019-08-01 18:44:23'),(8,NULL,5,-3.50,'000000',NULL,NULL,1,'2019-08-01 15:46:20'),(9,NULL,5,-24.00,'000000',NULL,NULL,1,'2019-08-01 15:46:32'),(10,NULL,5,-42.00,'000000',NULL,NULL,1,'2019-08-01 15:46:45'),(11,NULL,5,-141.75,'000000',NULL,NULL,1,'2019-08-01 15:47:01'),(12,NULL,6,-1.32,'000000',NULL,NULL,1,'2019-08-01 15:47:14'),(13,NULL,6,-10.00,'000000',NULL,NULL,1,'2019-08-01 15:47:24'),(14,NULL,6,-0.40,'000000',NULL,NULL,1,'2019-08-01 15:47:37'),(15,NULL,5,-7.50,'00151199',NULL,NULL,1,'2019-08-01 15:47:58'),(16,NULL,6,-3891.39,'02842064',NULL,NULL,1,'2019-08-01 15:48:37'),(17,10,5,2732.24,'0',3660.00,'PAGADO',4,'2019-08-01 19:15:59'),(18,8,5,103.00,'0',3500.00,'PAGADO',4,'2019-08-01 19:21:45'),(19,8,5,50.00,'0',3500.00,'PAGADO',4,'2019-08-01 19:22:24'),(20,NULL,5,-11261.44,' 09522115',NULL,NULL,1,'2019-08-01 16:27:54'),(21,10,5,2732.00,'09968009',NULL,NULL,9,'2019-08-01 16:28:06'),(22,11,5,50.00,'00268747',3500.00,'PAGADO',2,'2019-08-01 16:28:15'),(23,12,5,5442.18,'0',3675.00,'PAGADO',4,'2019-08-01 19:47:32'),(24,13,5,1366.12,'0',3660.00,'PAGADO',4,'2019-08-01 19:55:02'),(25,13,5,1366.12,'0',3660.00,'PAGADO',4,'2019-08-01 19:55:41'),(26,14,5,2732.24,'0',3660.00,'PAGADO',4,'2019-08-01 20:00:24'),(27,NULL,5,2410.00,' 00854326',NULL,NULL,1,'2019-08-01 17:02:19'),(28,NULL,5,448.00,' 00855051',NULL,NULL,1,'2019-08-01 17:02:29'),(29,NULL,5,2500.00,' 02028768',NULL,NULL,1,'2019-08-01 17:02:41'),(30,15,5,23.00,'0',3500.00,'PAGADO',4,'2019-08-01 20:05:42'),(31,15,5,30.00,'0',3500.00,'PAGADO',4,'2019-08-01 20:14:02'),(32,16,5,821.92,'0',3650.00,'PAGADO',4,'2019-08-01 20:48:42'),(33,17,7,263.50,'125918',3500.00,'PAGADO',NULL,'2019-08-01 21:10:02'),(34,NULL,7,-2500.00,'112409',NULL,NULL,1,'2019-08-01 18:10:29'),(35,NULL,7,-0.10,'112409',NULL,NULL,1,'2019-08-01 18:12:48'),(36,8,5,103.00,'0',3500.00,'PAGADO',4,'2019-08-01 21:13:32'),(37,18,5,1369.86,'0',3650.00,'PAGADO',4,'2019-08-01 21:20:28'),(38,19,5,50.00,'12586205',3500.00,'PAGADO',2,'2019-08-01 21:20:50'),(39,8,5,43.00,'0',3500.00,'PAGADO',4,'2019-08-01 21:24:15'),(40,23,5,100.00,'00382461',3500.00,'PAGADO',2,'2019-08-01 18:29:59'),(41,8,5,103.00,'0',3500.00,'PAGADO',4,'2019-08-01 21:41:06'),(42,12,5,1366.12,'0',3660.00,'PAGADO',4,'2019-08-01 21:58:45'),(43,21,5,819.67,'0',3660.00,'PRESTAMO',4,'2019-08-01 22:34:07'),(44,12,5,1366.12,'0',3660.00,'PAGADO',4,'2019-08-01 22:35:22'),(45,21,5,819.67,'0',3660.00,'PAGADO',4,'2019-08-01 22:38:53'),(46,22,9,975.61,'0',12300.00,'PAGADO',4,'2019-08-01 22:58:50'),(47,22,9,24.39,'0',12300.00,'PAGADO',4,'2019-08-01 23:00:19'),(48,8,5,183.00,'0',3500.00,'PAGADO',4,'2019-08-01 23:20:38'),(49,8,5,183.00,'0',3500.00,'PRESTAMO',4,'2019-08-01 23:20:38'),(50,8,5,183.00,'0',3500.00,'PAGADO',4,'2019-08-01 23:21:32'),(51,15,5,50.00,'0',3500.00,'PAGADO',4,'2019-08-01 23:22:26'),(52,15,5,113.00,'0',3500.00,'PAGADO',4,'2019-08-01 23:29:24'),(53,15,5,60.00,'0',3500.00,'PAGADO',4,'2019-08-01 23:31:53'),(54,24,5,50.00,'624256',3500.00,'RECHAZADA',NULL,'2019-08-01 23:45:31'),(55,24,5,50.00,'626505',3500.00,'PAGADO',2,'2019-08-01 23:48:23'),(56,11,5,100.00,'0231180',3500.00,'PAGADO',2,'2019-08-01 23:55:06'),(57,8,5,300.00,'0',3500.00,'PAGADO',4,'2019-08-01 23:59:13'),(93,18,5,836.00,'04512855',NULL,NULL,9,'2019-08-01 23:44:48'),(59,25,5,50.00,'654706',3500.00,'PAGADO',2,'2019-08-02 00:21:33'),(89,12,5,1370.00,'04554439',NULL,NULL,9,'2019-08-01 23:33:22'),(61,NULL,5,-7.50,' 00231180',NULL,NULL,1,'2019-08-01 21:21:56'),(62,27,5,50.00,' 00625256',3500.00,'PAGADO',2,'2019-08-01 21:22:15'),(68,26,5,1369.86,'0',3500.00,'PRESTAMO',4,'2019-08-02 00:32:30'),(67,26,5,1369.86,'0',3650.00,'PAGADO',4,'2019-08-02 00:31:53'),(69,8,5,170.00,'0',3500.00,'PAGADO',4,'2019-08-02 00:40:12'),(73,NULL,5,-1388.88,'05790815',NULL,NULL,1,'2019-08-01 21:45:07'),(71,NULL,5,-165.50,'05842892',NULL,NULL,1,'2019-08-01 21:43:58'),(72,NULL,5,-9180.06,'06026042',NULL,NULL,1,'2019-08-01 21:44:16'),(74,18,5,1369.86,'0',3650.00,'PAGADO',4,'2019-08-02 00:46:12'),(75,15,5,100.00,'0',3500.00,'PAGADO',4,'2019-08-02 00:48:08'),(76,15,5,200.00,'0',3500.00,'PAGADO',4,'2019-08-02 00:59:39'),(77,8,5,35.00,'0',3500.00,'PAGADO',4,'2019-08-02 01:04:51'),(78,26,5,1369.86,'0',3650.00,'PAGADO',4,'2019-08-02 01:15:48'),(79,8,5,53.00,'0',3500.00,'PAGADO',4,'2019-08-02 01:34:21'),(80,8,5,40.00,'0',3500.00,'PAGADO',4,'2019-08-02 01:36:07'),(81,18,5,1064.84,'0',3640.00,'PAGADO',4,'2019-08-02 01:45:57'),(82,15,5,73.00,'0',3500.00,'PAGADO',4,'2019-08-02 01:52:53'),(83,14,5,1369.86,'0',3500.00,'PRESTAMO',4,'2019-08-02 02:10:36'),(84,28,5,100.00,'0363095',3500.00,'PAGADO',2,'2019-08-02 02:20:46'),(85,28,5,180.00,'0364079',3500.00,'PAGADO',2,'2019-08-02 02:22:27'),(87,14,5,1369.86,'0',3650.00,'PAGADO',4,'2019-08-02 02:24:26'),(88,30,5,30.00,'18176665',3500.00,'PAGADO',2,'2019-08-02 02:25:08'),(90,18,5,533.86,'06422474',NULL,NULL,9,'2019-08-01 23:40:37'),(91,18,5,533.86,'06426796',NULL,NULL,9,'2019-08-01 23:41:01'),(92,26,5,2739.00,'07632864',NULL,NULL,9,'2019-08-01 23:41:31'),(108,29,5,40.00,'00818264',3500.00,'PAGADO',2,'2019-08-02 03:21:07'),(94,31,5,1902.17,'0',3680.00,'PAGADO',4,'2019-08-02 03:12:46'),(95,32,5,150.00,'955554',3500.00,'PAGADO',2,'2019-08-02 03:16:28'),(96,8,5,23.00,'017610',3500.00,'PAGADO',2,'2019-08-02 03:50:27'),(97,18,5,1358.70,'0',3680.00,'PAGADO',4,'2019-08-02 03:54:57'),(98,34,5,50.00,'091200',3500.00,'PAGADO',2,'2019-08-02 04:42:05'),(99,15,5,203.00,'0',3500.00,'PAGADO',4,'2019-08-02 04:45:15'),(100,12,5,1356.85,'0',3685.00,'PAGADO',4,'2019-08-02 05:17:45'),(101,13,5,1366.00,'08999189',NULL,NULL,9,'2019-08-02 02:49:07'),(102,12,5,1356.85,'00089992',NULL,NULL,9,'2019-08-02 02:49:46'),(103,34,5,50.00,'00092658',3500.00,'PAGADO',2,'2019-08-02 02:50:10'),(104,18,5,826.44,'00451517',NULL,NULL,9,'2019-08-02 02:50:50'),(105,21,5,819.67,'00937095',NULL,NULL,9,'2019-08-02 02:51:04'),(106,NULL,6,2760.92,'06157963',NULL,NULL,1,'2019-08-02 02:52:15'),(107,NULL,6,362.00,'08089939',NULL,NULL,1,'2019-08-02 02:52:24'),(109,33,5,1356.85,'00166837',NULL,NULL,9,'2019-08-02 03:26:52'),(110,12,5,1666.12,'01630372',NULL,NULL,9,'2019-08-02 03:27:09'),(111,12,7,3442.17,'135643',NULL,NULL,9,'2019-08-02 03:33:03'),(113,NULL,7,-0.15,'000000',NULL,NULL,1,'2019-08-02 03:44:01'),(114,NULL,8,3890.00,'100432',NULL,NULL,1,'2019-08-02 03:48:43'),(115,NULL,8,411.48,'135512',NULL,NULL,1,'2019-08-02 03:50:10'),(116,NULL,8,-6876.10,'114000',NULL,NULL,1,'2019-08-02 03:51:02'),(117,NULL,8,-72.94,'000000',NULL,NULL,1,'2019-08-02 03:53:32'),(118,NULL,8,-50.00,'140352',NULL,NULL,1,'2019-08-02 03:54:01'),(119,NULL,8,1350.00,'185919',NULL,NULL,1,'2019-08-02 03:54:44'),(120,NULL,8,40.00,'190205',NULL,NULL,1,'2019-08-02 03:55:10'),(121,NULL,8,-0.20,'000000',NULL,NULL,1,'2019-08-02 03:56:07'),(122,26,5,271.37,'0',3685.00,'PAGADO',4,'2019-08-02 07:10:17'),(123,12,14,1366.11,'0155',NULL,NULL,9,'2019-08-02 11:51:16'),(124,NULL,5,-12010.00,'02566294',NULL,NULL,1,'2019-08-02 11:55:23'),(125,12,5,330.00,'01908513',NULL,NULL,9,'2019-08-02 11:55:37'),(126,18,14,1201.84,'18089939',NULL,NULL,9,'2019-08-02 11:59:38'),(127,14,14,4027.01,'141414',NULL,NULL,9,'2019-08-02 12:14:07'),(128,10,5,1356.85,'0',3685.00,'PAGADO',4,'2019-08-02 17:30:18'),(129,18,5,1356.85,'0',3685.00,'PAGADO',4,'2019-08-02 17:32:32'),(130,35,9,320.00,'0',12000.00,'PAGADO',4,'2019-08-02 17:48:15'),(131,10,5,2713.70,'0',3685.00,'PAGADO',4,'2019-08-02 17:50:25'),(132,36,5,2082.90,'0',3685.00,'PAGADO',4,'2019-08-02 18:37:10'),(133,36,5,991.86,'0',3685.00,'PAGADO',4,'2019-08-02 18:38:37'),(134,37,5,50.00,'24972216',3500.00,'PAGADO',2,'2019-08-02 18:43:23'),(135,38,5,313.00,'25545058',3500.00,'PAGADO',2,'2019-08-02 18:59:54'),(136,39,5,50.00,'352099',3500.00,'PAGADO',2,'2019-08-02 19:18:28'),(137,NULL,5,1260.00,'03547840',NULL,NULL,1,'2019-08-02 16:21:06'),(138,48,5,53.00,'03701448',3500.00,'PAGADO',2,'2019-08-02 16:21:13'),(139,10,5,1356.80,'04133698',NULL,NULL,9,'2019-08-02 16:21:29'),(140,10,5,2713.70,'04520259',NULL,NULL,9,'2019-08-02 16:21:41'),(141,8,5,53.00,'0',3500.00,'PAGADO',4,'2019-08-02 19:21:43'),(142,36,5,3075.00,'05118135',NULL,NULL,9,'2019-08-02 16:21:59'),(143,13,5,1366.00,'00035359',NULL,NULL,9,'2019-08-02 16:22:15'),(144,18,5,1231.26,'05428004',NULL,NULL,9,'2019-08-02 16:22:26'),(157,8,5,103.00,'0',3500.00,'PAGADO',4,'2019-08-02 21:50:01'),(145,NULL,5,-7970.00,'05596984',NULL,NULL,1,'2019-08-02 16:22:42'),(147,8,5,70.00,'0',3500.00,'PAGADO',4,'2019-08-02 19:27:33'),(148,40,5,150.00,'0373054',3500.00,'PAGADO',2,'2019-08-02 19:29:17'),(149,8,5,23.00,'0',3500.00,'PAGADO',4,'2019-08-02 19:52:07'),(150,12,5,2702.70,'0',3700.00,'PAGADO',4,'2019-08-02 20:00:45'),(151,14,5,2688.17,'0',3720.00,'PRESTAMO',4,'2019-08-02 21:16:44'),(152,14,5,2688.17,'0',3720.00,'PAGADO',4,'2019-08-02 21:19:42'),(153,41,5,5376.34,'0',3720.00,'PAGADO',4,'2019-08-02 21:21:17'),(154,42,5,2688.17,'0',3720.00,'PAGADO',4,'2019-08-02 21:21:53'),(155,NULL,5,109.87,' 07522329',NULL,NULL,1,'2019-08-02 18:27:11'),(156,43,5,103.00,'00529647',3500.00,'PAGADO',2,'2019-08-02 18:27:25'),(158,44,7,103.00,'140720',3500.00,'PAGADO',NULL,'2019-08-02 22:12:23'),(159,45,5,30.00,'29529725',3500.00,'PAGADO',2,'2019-08-02 22:56:30'),(160,46,5,203.00,'29736536',3500.00,'PAGADO',2,'2019-08-02 23:12:08'),(161,47,5,1356.85,'0',3685.00,'PAGADO',4,'2019-08-02 23:42:25'),(162,49,5,50.00,'29357627',3500.00,'PAGADO',2,'2019-08-02 23:45:06'),(170,8,5,33.00,'0',3500.00,'PAGADO',4,'2019-08-03 01:39:12'),(220,61,5,5263.16,'0',3800.00,'PAGADO',4,'2019-08-03 19:41:47'),(173,NULL,5,-8215.00,'03241730',NULL,NULL,1,'2019-08-03 01:37:28'),(168,42,5,2688.17,'08570639',NULL,NULL,9,'2019-08-02 21:20:48'),(169,51,5,28.00,'31477654',3500.00,'PAGADO',2,'2019-08-03 00:51:43'),(171,52,5,687.65,'0',3685.00,'PAGADO',4,'2019-08-03 03:50:52'),(174,53,5,173.00,'00013882',3500.00,'PAGADO',2,'2019-08-03 01:37:43'),(175,52,5,687.65,'04511527',NULL,NULL,9,'2019-08-03 01:37:58'),(176,26,5,271.40,'04521445',NULL,NULL,9,'2019-08-03 01:38:28'),(177,NULL,5,-1.70,'000000',NULL,NULL,1,'2019-08-03 01:39:22'),(178,NULL,6,-0.25,'00000000',NULL,NULL,1,'2019-08-03 01:40:27'),(179,NULL,6,-180.00,'00033033',NULL,NULL,1,'2019-08-03 01:40:44'),(180,33,5,1356.85,'0',3685.00,'PAGADO',4,'2019-08-03 05:52:49'),(194,54,5,1200.00,'05773629',NULL,NULL,9,'2019-08-03 03:48:26'),(186,NULL,8,4510.00,'175423',NULL,NULL,1,'2019-08-03 03:06:04'),(185,NULL,8,809.19,'135705',NULL,NULL,1,'2019-08-03 03:05:32'),(187,NULL,8,-0.20,'175421',NULL,NULL,1,'2019-08-03 03:07:16'),(188,12,14,2702.00,'015555',NULL,NULL,9,'2019-08-03 03:07:30'),(189,47,5,1356.85,'05515550',NULL,NULL,9,'2019-08-03 03:14:28'),(190,NULL,5,-2490.00,'05774452',NULL,NULL,1,'2019-08-03 03:14:54'),(191,18,5,1356.85,'05851216',NULL,NULL,9,'2019-08-03 03:15:16'),(193,35,9,320.00,'01010101',NULL,NULL,9,'2019-08-03 03:23:03'),(197,55,5,103.00,'38322779',3500.00,'PAGADO',2,'2019-08-03 16:53:34'),(198,NULL,5,-1360.00,'06972144',NULL,NULL,1,'2019-08-03 14:31:46'),(199,15,5,153.00,'0',3500.00,'PAGADO',4,'2019-08-03 17:36:19'),(200,31,5,3984.06,'0',3765.00,'PAGADO',4,'2019-08-03 18:09:19'),(201,52,5,1333.33,'0',3750.00,'PAGADO',4,'2019-08-03 18:11:25'),(202,12,5,1500.00,'0',3750.00,'PAGADO',4,'2019-08-03 18:11:48'),(203,57,5,1333.33,'0',3750.00,'PAGADO',4,'2019-08-03 18:15:38'),(205,58,5,7957.56,'0',3770.00,'PAGADO',4,'2019-08-03 18:17:46'),(206,59,5,2656.04,'0',3765.00,'PAGADO',4,'2019-08-03 18:19:30'),(207,12,5,3189.79,'0',3762.00,'PAGADO',4,'2019-08-03 18:19:33'),(208,13,5,2656.04,'0',3765.00,'PAGADO',4,'2019-08-03 18:30:50'),(209,8,5,48.00,'0',3500.00,'PAGADO',4,'2019-08-03 18:35:59'),(210,NULL,5,-2.10,'000000',NULL,NULL,1,'2019-08-03 16:08:19'),(211,60,5,53.00,'00309905',3600.00,'PAGADO',2,'2019-08-03 16:08:52'),(212,14,5,2453.26,'09696358',NULL,NULL,9,'2019-08-03 16:09:06'),(213,59,5,2656.04,'09697816',NULL,NULL,9,'2019-08-03 16:09:27'),(214,54,5,2739.00,'09718143',NULL,NULL,9,'2019-08-03 16:09:39'),(215,31,5,1899.59,'00004307',NULL,NULL,9,'2019-08-03 16:09:52'),(216,16,5,821.92,'09770157',NULL,NULL,9,'2019-08-03 16:10:05'),(217,NULL,5,-10700.00,'09787580',NULL,NULL,1,'2019-08-03 16:10:29'),(218,41,5,5376.00,'00007676',NULL,NULL,9,'2019-08-03 16:10:56'),(219,54,5,2638.52,'0',3790.00,'PAGADO',4,'2019-08-03 19:34:51'),(221,NULL,5,-5400.00,'00269407',NULL,NULL,1,'2019-08-03 16:43:03'),(222,58,5,3979.00,'00295323',NULL,NULL,9,'2019-08-03 16:43:15'),(223,NULL,5,-3970.00,'00331307',NULL,NULL,1,'2019-08-03 16:43:28'),(224,62,5,93.00,'00395577',3600.00,'PAGADO',2,'2019-08-03 16:43:36'),(225,NULL,6,780.00,'00623260',NULL,NULL,1,'2019-08-03 16:45:27'),(230,8,5,53.00,'0',3600.00,'PAGADO',4,'2019-08-03 20:02:16'),(227,15,5,53.00,'0',3600.00,'PAGADO',4,'2019-08-03 19:56:12'),(228,15,5,50.00,'0',3600.00,'PAGADO',4,'2019-08-03 19:57:51'),(244,15,5,33.00,'0',3600.00,'PAGADO',4,'2019-08-03 21:29:17'),(235,65,9,3174.60,'0',12600.00,'PAGADO',4,'2019-08-03 20:40:44'),(231,58,5,3978.55,'00759624',NULL,NULL,9,'2019-08-03 17:02:29'),(232,63,5,2631.58,'0',3800.00,'PAGADO',4,'2019-08-03 20:27:45'),(233,8,5,100.00,'0',3600.00,'PAGADO',4,'2019-08-03 20:28:42'),(234,64,9,500.00,'0',12550.00,'PAGADO',4,'2019-08-03 20:30:34'),(236,65,9,825.40,'0',12600.00,'PAGADO',4,'2019-08-03 20:41:47'),(239,8,5,50.00,'0',3600.00,'PAGADO',4,'2019-08-03 20:49:28'),(240,41,5,3947.37,'0',3800.00,'PAGADO',4,'2019-08-03 21:03:58'),(241,66,5,278.00,'524846',3600.00,'PAGADO',2,'2019-08-03 21:14:24'),(242,68,5,73.00,'00488470',3600.00,'PAGADO',2,'2019-08-03 18:25:09'),(243,NULL,5,-7.50,'00524846',NULL,NULL,1,'2019-08-03 18:25:24'),(245,15,5,47.00,'0',3600.00,'PAGADO',4,'2019-08-03 21:32:49'),(246,12,14,2605.20,'780334',NULL,NULL,9,'2019-08-03 18:36:01'),(247,70,5,90.00,'00561748',3600.00,'PAGADO',2,'2019-08-03 18:42:13'),(248,41,5,1319.26,'0',3790.00,'PAGADO',4,'2019-08-03 21:47:33'),(249,42,5,1319.26,'0',3790.00,'PAGADO',4,'2019-08-03 21:48:48'),(250,67,5,25.00,'590661',3600.00,'PAGADO',2,'2019-08-03 22:06:06'),(251,8,5,33.00,'0',3600.00,'PAGADO',4,'2019-08-03 22:09:52'),(252,8,5,45.00,'0',3600.00,'PAGADO',4,'2019-08-03 22:10:53'),(253,14,5,2638.52,'0',3790.00,'PAGADO',4,'2019-08-03 22:19:25'),(254,54,14,2076.90,'207690',NULL,NULL,9,'2019-08-03 19:45:54'),(255,8,5,103.00,'0',3600.00,'PAGADO',4,'2019-08-03 22:51:01'),(256,69,5,83.00,'0',3600.00,'PAGADO',4,'2019-08-03 23:17:14'),(257,28,5,60.00,'656560',3600.00,'PAGADO',2,'2019-08-03 23:17:43'),(258,NULL,7,-3830.00,'103120',NULL,NULL,1,'2019-08-03 20:50:54'),(259,15,5,250.00,'0',3600.00,'PAGADO',4,'2019-08-03 23:51:23'),(260,NULL,7,-0.15,'103125',NULL,NULL,1,'2019-08-03 20:51:44'),(261,14,7,310.00,'104452',NULL,NULL,9,'2019-08-03 20:52:09'),(262,15,5,70.00,'0',3600.00,'PAGADO',4,'2019-08-03 23:52:41'),(267,15,5,63.00,'0',3600.00,'PAGADO',4,'2019-08-04 00:14:12'),(264,NULL,8,-6738.93,'113540',NULL,NULL,1,'2019-08-03 20:54:00'),(265,NULL,8,-64.68,'113813',NULL,NULL,1,'2019-08-03 20:55:07'),(266,NULL,8,140.00,'114748',NULL,NULL,1,'2019-08-03 20:55:37'),(268,8,5,28.00,'0',3600.00,'PAGADO',4,'2019-08-04 00:57:24'),(269,8,5,25.00,'0',3600.00,'PAGADO',4,'2019-08-04 01:00:36'),(270,72,5,303.00,'742901',3600.00,'PAGADO',2,'2019-08-04 01:09:18'),(271,73,5,63.00,'743805',3600.00,'PAGADO',2,'2019-08-04 01:20:28'),(272,42,5,1319.00,'00005012',NULL,NULL,9,'2019-08-03 22:25:17'),(273,74,5,63.00,'822311',3600.00,'PAGADO',2,'2019-08-04 01:28:59'),(274,NULL,5,53.00,'00824750',NULL,NULL,1,'2019-08-03 23:00:26'),(275,12,14,467.60,'140334',NULL,NULL,9,'2019-08-03 23:01:25'),(276,8,5,253.00,'0',3600.00,'PAGADO',4,'2019-08-04 02:10:53'),(277,14,5,2638.52,'05829665',NULL,NULL,9,'2019-08-03 23:12:12'),(278,57,5,1333.33,'00090849',NULL,NULL,9,'2019-08-03 23:12:28'),(279,8,5,73.00,'0',3600.00,'PAGADO',4,'2019-08-04 02:27:04'),(283,8,5,100.00,'0',3600.00,'PAGADO',4,'2019-08-04 03:26:53'),(281,76,5,150.00,'903276',3600.00,'PAGADO',2,'2019-08-04 03:03:27'),(282,8,5,28.00,'0',3600.00,'PAGADO',4,'2019-08-04 03:04:56'),(284,8,5,53.00,'0',3600.00,'PAGADO',4,'2019-08-04 04:03:25'),(285,63,5,2631.58,'07015233',NULL,NULL,9,'2019-08-04 01:26:17'),(286,41,5,4100.00,'07994179',NULL,NULL,9,'2019-08-04 02:53:42'),(287,NULL,6,484.34,'07863459',NULL,NULL,1,'2019-08-04 02:55:06'),(288,12,14,1617.69,'48434334',NULL,NULL,9,'2019-08-04 03:21:42'),(289,41,7,1066.00,'214640',NULL,NULL,9,'2019-08-04 03:29:52'),(290,77,9,589.00,'0',12600.00,'PAGADO',4,'2019-08-04 06:35:09'),(291,41,5,100.00,'08469719',NULL,NULL,9,'2019-08-04 04:01:49');
/*!40000 ALTER TABLE `pagos_in` ENABLE KEYS */;
UNLOCK TABLES;

--
-- Table structure for table `pagos_out`
--

DROP TABLE IF EXISTS `pagos_out`;
/*!40101 SET @saved_cs_client     = @@character_set_client */;
/*!40101 SET character_set_client = utf8 */;
CREATE TABLE `pagos_out` (
  `id` int(10) unsigned NOT NULL AUTO_INCREMENT,
  `id_usuario` int(10) unsigned DEFAULT NULL,
  `id_pago_in` int(10) unsigned DEFAULT NULL,
  `id_cuenta` int(10) unsigned DEFAULT NULL,
  `id_banco` int(10) unsigned DEFAULT NULL,
  `monto` int(10) DEFAULT NULL,
  `referencia` varchar(64) DEFAULT NULL,
  `estado` varchar(64) DEFAULT NULL,
  `reg_date` timestamp NOT NULL DEFAULT CURRENT_TIMESTAMP,
  PRIMARY KEY (`id`),
  KEY `id_usuario` (`id_usuario`),
  KEY `id_pago_in` (`id_pago_in`),
  KEY `id_cuenta` (`id_cuenta`),
  KEY `id_banco` (`id_banco`)
) ENGINE=MyISAM AUTO_INCREMENT=166 DEFAULT CHARSET=latin1;
/*!40101 SET character_set_client = @saved_cs_client */;

--
-- Dumping data for table `pagos_out`
--

LOCK TABLES `pagos_out` WRITE;
/*!40000 ALTER TABLE `pagos_out` DISABLE KEYS */;
INSERT INTO `pagos_out` VALUES (1,7,3,3,3,339500,'2479028278','PAGADO','2019-08-01 18:22:13'),(2,8,4,4,12,350000,'0047900023424','PAGADO','2019-08-01 18:30:00'),(3,9,5,5,NULL,245000,NULL,'RECHAZADO','2019-08-01 18:42:22'),(4,8,6,6,11,105000,'081398075690','PAGADO','2019-08-01 18:43:14'),(5,8,7,7,11,245000,'08139785527','PAGADO','2019-08-01 18:44:24'),(6,10,17,8,4,10000000,'2478842004','PAGADO','2019-08-01 19:15:59'),(7,8,18,9,11,350000,'37901935','PAGADO','2019-08-01 19:21:46'),(8,8,19,10,11,175000,'081398185547','PAGADO','2019-08-01 19:22:24'),(9,11,22,11,12,164500,'0047900020394','PAGADO','2019-08-01 19:30:30'),(10,12,23,12,4,20000000,'3434','PAGADO','2019-08-01 19:47:32'),(11,13,24,13,4,5000000,'2478962734','PAGADO','2019-08-01 19:55:02'),(12,13,25,14,4,5000000,'2478973737','PAGADO','2019-08-01 19:55:42'),(13,14,26,15,4,10000000,'19','PAGADO','2019-08-01 20:00:24'),(14,15,30,16,3,70000,'2479033540','PAGADO','2019-08-01 20:05:43'),(15,15,31,17,12,94500,'257999','PAGADO','2019-08-01 20:14:03'),(16,16,32,18,12,3000000,'0047900088616','PAGADO','2019-08-01 20:48:43'),(17,17,33,19,13,911750,'123456','PAGADO','2019-08-01 21:10:02'),(18,8,36,21,11,350000,'081398296433','PAGADO','2019-08-01 21:13:32'),(19,18,37,20,12,5000000,'0047900027302','PAGADO','2019-08-01 21:20:28'),(20,19,38,22,12,164500,'258026','PAGADO','2019-08-01 21:20:51'),(21,8,39,23,3,140000,'2480013341','PAGADO','2019-08-01 21:24:16'),(22,8,41,24,11,350000,'081398769251','PAGADO','2019-08-01 21:41:06'),(23,12,42,26,12,5000000,'0047900070991','PAGADO','2019-08-01 21:58:45'),(24,21,43,27,NULL,3000000,NULL,'PENDIENTE','2019-08-01 22:34:07'),(25,12,44,28,12,5000000,'0047900007712','PAGADO','2019-08-01 22:35:22'),(26,21,45,29,12,3000000,'0047900015108','PAGADO','2019-08-01 22:38:53'),(27,22,46,30,12,12000000,'0047900065168','PAGADO','2019-08-01 22:58:50'),(28,22,47,31,12,300000,'0047900070711','PAGADO','2019-08-01 23:00:20'),(29,8,48,24,11,630000,'081412245570','PAGADO','2019-08-01 23:20:38'),(30,8,50,32,3,630000,'2480016048','PAGADO','2019-08-01 23:21:32'),(31,15,51,33,3,175000,'2480018311','PAGADO','2019-08-01 23:22:27'),(32,15,52,34,12,395500,'258045','PAGADO','2019-08-01 23:29:24'),(33,15,53,35,11,199500,'37932874','PAGADO','2019-08-01 23:31:53'),(34,23,40,36,11,339500,'081411896257','PAGADO','2019-08-01 23:40:13'),(35,24,54,37,NULL,164500,NULL,'RECHAZADA','2019-08-01 23:45:31'),(36,24,55,38,11,164500,'081412142470','PAGADO','2019-08-01 23:48:23'),(37,11,56,11,12,313250,'47900012865','PAGADO','2019-08-01 23:55:06'),(38,8,57,39,11,1050000,'37936379','PAGADO','2019-08-01 23:59:13'),(39,25,59,40,11,164500,'37933286','PAGADO','2019-08-02 00:21:33'),(40,26,67,41,3,5000000,'2480021027','PAGADO','2019-08-02 00:31:53'),(41,26,68,42,NULL,4794521,NULL,'RECHAZADO','2019-08-02 00:32:30'),(42,8,69,43,11,584500,'37936677','PAGADO','2019-08-02 00:40:12'),(43,18,74,44,4,5000000,'2479688230','PAGADO','2019-08-02 00:46:13'),(44,15,75,45,12,350000,'258061','PAGADO','2019-08-02 00:48:09'),(45,15,76,46,12,689500,'224823','PAGADO','2019-08-02 00:59:40'),(46,8,77,47,12,112000,'258072','PAGADO','2019-08-02 01:04:52'),(47,26,78,42,3,5000000,'2480025778','PAGADO','2019-08-02 01:15:48'),(48,8,79,48,3,175000,'2480029143','PAGADO','2019-08-02 01:34:22'),(49,8,80,49,3,140000,'2480032956','PAGADO','2019-08-02 01:36:08'),(50,18,81,50,13,3876000,'1234567','PAGADO','2019-08-02 01:45:58'),(51,15,82,51,11,245000,'081413830193','PAGADO','2019-08-02 01:52:56'),(52,14,83,15,NULL,4794521,NULL,'RECHAZADO','2019-08-02 02:10:36'),(53,27,62,37,12,164500,'225090','PAGADO','2019-08-02 02:13:53'),(54,28,84,52,3,339500,'2480035171','PAGADO','2019-08-02 02:20:47'),(55,28,85,53,12,619500,'248431','PAGADO','2019-08-02 02:22:28'),(56,29,86,54,NULL,129500,NULL,'RECHAZADO','2019-08-02 02:23:51'),(57,14,87,15,4,5000000,'2479833848','PAGADO','2019-08-02 02:24:27'),(58,30,88,55,12,94500,'254344','PAGADO','2019-08-02 02:25:08'),(59,31,94,57,12,7000000,'0047900003604','PAGADO','2019-08-02 03:12:47'),(60,32,95,58,12,175000,'0047900040095','PAGADO','2019-08-02 03:16:29'),(61,32,95,59,12,339500,'253860','PAGADO','2019-08-02 03:16:29'),(62,8,96,62,12,70000,'0047900041536','PAGADO','2019-08-02 03:50:28'),(63,18,97,60,4,5000000,'2479950520','PAGADO','2019-08-02 03:54:58'),(64,34,98,64,12,164500,'254449','PAGADO','2019-08-02 04:42:06'),(65,15,99,65,12,700000,'254664','PAGADO','2019-08-02 04:45:17'),(66,12,100,63,12,5000000,'0047900038125','PAGADO','2019-08-02 05:17:47'),(67,34,103,66,12,164500,'258079','PAGADO','2019-08-02 06:16:50'),(68,29,108,56,12,129500,'0047900054583','PAGADO','2019-08-02 06:28:20'),(69,26,122,42,3,1000000,'12345678','PAGADO','2019-08-02 07:10:18'),(70,10,128,8,4,4999992,'101010','PAGADO','2019-08-02 17:30:19'),(71,18,129,44,4,4999992,'3434','PAGADO','2019-08-02 17:32:33'),(72,35,130,67,12,2760000,'3323','PAGADO','2019-08-02 17:48:16'),(73,35,130,68,12,480000,'3434','PAGADO','2019-08-02 17:48:16'),(74,35,130,69,12,600000,'5454','PAGADO','2019-08-02 17:48:16'),(75,10,131,8,4,9999985,'4343','PAGADO','2019-08-02 17:50:26'),(76,36,132,70,4,7675500,'3434','PAGADO','2019-08-02 18:37:10'),(77,36,133,71,12,3655000,'2323','PAGADO','2019-08-02 18:38:37'),(78,37,134,72,3,164500,'2481265605','PAGADO','2019-08-02 18:43:23'),(79,38,135,73,3,1085000,'2481274809','PAGADO','2019-08-02 18:59:55'),(80,39,136,74,12,164500,'89351','PAGADO','2019-08-02 19:18:29'),(81,8,141,75,12,175000,'0047900002977','PAGADO','2019-08-02 19:21:44'),(82,8,147,76,12,234500,'359791','PAGADO','2019-08-02 19:27:34'),(83,40,148,77,12,514500,'361894','PAGADO','2019-08-02 19:29:17'),(84,8,149,78,3,70000,'2481279678','PAGADO','2019-08-02 19:52:08'),(85,12,150,28,12,10000000,'19122','PAGADO','2019-08-02 20:00:46'),(86,14,152,15,4,10000000,'2481250321','PAGADO','2019-08-02 21:19:43'),(87,41,153,79,4,20000000,'2481273871','PAGADO','2019-08-02 21:21:18'),(88,42,154,80,4,10000000,'2481268951','PAGADO','2019-08-02 21:21:53'),(89,43,156,81,12,350000,'0047900092525','PAGADO','2019-08-02 21:34:55'),(90,8,157,82,12,350000,'0047900039539','PAGADO','2019-08-02 21:50:02'),(91,44,158,83,12,350000,'0047900008885','PAGADO','2019-08-02 22:12:23'),(92,45,159,84,3,94500,'2482103736','PAGADO','2019-08-02 22:56:30'),(93,46,160,85,12,700000,'0047900066468','PAGADO','2019-08-02 23:12:08'),(94,48,138,87,3,175000,'2482647186','PAGADO','2019-08-02 23:15:29'),(95,47,161,86,12,5000000,'0047900079374','PAGADO','2019-08-02 23:42:26'),(96,49,162,88,3,164500,'2482102183','PAGADO','2019-08-02 23:45:07'),(98,51,169,90,3,87500,'2482653952','PAGADO','2019-08-03 00:51:44'),(99,8,170,91,3,105000,'2482106559','PAGADO','2019-08-03 01:39:12'),(100,52,171,92,12,2534000,'0047900072700','PAGADO','2019-08-03 03:50:53'),(101,53,174,93,12,245000,'0047900010490','PAGADO','2019-08-03 05:04:10'),(102,53,174,94,12,350000,'0047900011339','PAGADO','2019-08-03 05:04:10'),(103,33,180,61,4,5000000,'2479962523','PAGADO','2019-08-03 05:52:50'),(104,55,197,96,3,350000,'2482656994','PAGADO','2019-08-03 16:53:34'),(105,15,199,33,3,525000,'2482659435','PAGADO','2019-08-03 17:36:20'),(106,31,200,98,3,15000000,'2482489401','PAGADO','2019-08-03 18:09:20'),(107,52,201,100,3,5000000,'24824866354','PAGADO','2019-08-03 18:11:26'),(108,12,202,101,3,5625000,'2482497543','PAGADO','2019-08-03 18:11:49'),(109,57,203,99,3,5000000,'2482493891','PAGADO','2019-08-03 18:15:39'),(111,58,205,102,3,30000000,'2482501445','PAGADO','2019-08-03 18:17:47'),(112,59,206,103,3,10000000,'2482510853','PAGADO','2019-08-03 18:19:32'),(113,12,207,104,3,12000000,'2482505496','PAGADO','2019-08-03 18:19:34'),(114,31,208,105,3,10000000,'2482516071','PAGADO','2019-08-03 18:30:50'),(115,8,209,106,12,157500,'0047900058448','PAGADO','2019-08-03 18:36:00'),(116,60,211,107,3,180000,'2482662247','PAGADO','2019-08-03 19:23:23'),(117,54,219,95,4,10000000,'2482668645','PAGADO','2019-08-03 19:34:52'),(118,61,220,108,4,20000000,'2482671368','PAGADO','2019-08-03 19:41:48'),(119,15,227,109,12,180000,'0047900060314','PAGADO','2019-08-03 19:56:13'),(120,15,228,110,12,180000,'0047900062692','PAGADO','2019-08-03 19:57:52'),(134,15,244,122,3,108000,'2482927827','PAGADO','2019-08-03 21:29:18'),(122,8,230,112,12,180000,'0047900095634','PAGADO','2019-08-03 20:02:17'),(123,62,224,113,3,324000,'2482797180','PAGADO','2019-08-03 20:08:35'),(124,63,232,115,4,10000000,'2482743524','PAGADO','2019-08-03 20:27:46'),(125,8,233,116,12,360000,'0047900096751','PAGADO','2019-08-03 20:28:43'),(126,64,234,117,4,6275000,'2482750945','PAGADO','2019-08-03 20:30:35'),(127,65,235,118,4,40000000,'2482759052','PAGADO','2019-08-03 20:40:44'),(128,65,236,119,4,10400000,'2482757526','PAGADO','2019-08-03 20:41:48'),(131,8,239,120,12,180000,'418433','PAGADO','2019-08-03 20:49:29'),(132,41,240,79,4,15000000,'2482808359','PAGADO','2019-08-03 21:03:59'),(133,66,241,121,3,963000,'2482920930','PAGADO','2019-08-03 21:14:24'),(135,15,245,123,12,158400,'0047900014369','PAGADO','2019-08-03 21:32:50'),(136,41,248,79,4,5000000,'2482883340','PAGADO','2019-08-03 21:47:34'),(137,42,249,124,4,5000000,'2482886100','PAGADO','2019-08-03 21:48:49'),(138,67,250,125,12,79200,'422604','PAGADO','2019-08-03 22:06:07'),(139,8,251,126,3,108000,'2482917557','PAGADO','2019-08-03 22:09:52'),(140,8,252,127,3,162000,'2482924144','PAGADO','2019-08-03 22:10:54'),(141,14,253,15,4,10000000,'2482931228','PAGADO','2019-08-03 22:19:26'),(142,68,242,128,12,252000,'0047900085878','PAGADO','2019-08-03 22:44:07'),(143,8,255,129,12,360000,'0047900088481','PAGADO','2019-08-03 22:51:02'),(144,69,256,130,3,288000,'2483062074','PAGADO','2019-08-03 23:17:15'),(145,28,257,131,12,205200,'422673','PAGADO','2019-08-03 23:17:43'),(146,70,247,132,12,313200,'422725','PAGADO','2019-08-03 23:21:21'),(147,15,259,133,12,900000,'422809','PAGADO','2019-08-03 23:51:24'),(148,15,262,134,3,252000,'2483064789','PAGADO','2019-08-03 23:52:42'),(150,15,267,136,3,216000,'2483098835','PAGADO','2019-08-04 00:14:13'),(151,8,268,137,3,90000,'2483226971','PAGADO','2019-08-04 00:57:25'),(152,8,269,139,3,90000,'2483229027','PAGADO','2019-08-04 01:00:37'),(153,72,270,140,12,972000,'0047900069670','PAGADO','2019-08-04 01:09:18'),(154,72,270,141,3,108000,'2483230469','PAGADO','2019-08-04 01:09:18'),(155,73,271,142,12,216000,'427079','PAGADO','2019-08-04 01:20:29'),(156,74,273,143,12,216000,'0047900072120','PAGADO','2019-08-04 01:28:59'),(157,8,276,145,12,900000,'427574','PAGADO','2019-08-04 02:10:54'),(158,8,279,146,3,252000,'2483294938','PAGADO','2019-08-04 02:27:05'),(160,76,281,147,12,169200,'430001','PAGADO','2019-08-04 03:03:28'),(161,76,281,148,12,360000,'429938','PAGADO','2019-08-04 03:03:28'),(162,8,282,150,3,90000,'2483297902','PAGADO','2019-08-04 03:04:57'),(163,8,283,151,3,360000,'2483305322','PAGADO','2019-08-04 03:26:54'),(164,8,284,152,12,180000,'0047900039258','PAGADO','2019-08-04 04:03:26'),(165,77,290,153,3,7421400,'43434','PAGADO','2019-08-04 06:35:10');
/*!40000 ALTER TABLE `pagos_out` ENABLE KEYS */;
UNLOCK TABLES;

--
-- Table structure for table `prestamos`
--

DROP TABLE IF EXISTS `prestamos`;
/*!40101 SET @saved_cs_client     = @@character_set_client */;
/*!40101 SET character_set_client = utf8 */;
CREATE TABLE `prestamos` (
  `id` int(10) unsigned NOT NULL AUTO_INCREMENT,
  `id_usuario` int(10) unsigned DEFAULT NULL,
  `id_pago_out` int(10) unsigned DEFAULT NULL,
  `monto` decimal(10,2) DEFAULT NULL,
  `divisa` varchar(3) DEFAULT NULL,
  `flag` int(1) unsigned DEFAULT NULL,
  PRIMARY KEY (`id`),
  KEY `id_usuario` (`id_usuario`),
  KEY `id_pago_out` (`id_pago_out`)
) ENGINE=MyISAM AUTO_INCREMENT=137 DEFAULT CHARSET=latin1;
/*!40101 SET character_set_client = @saved_cs_client */;

--
-- Dumping data for table `prestamos`
--

LOCK TABLES `prestamos` WRITE;
/*!40000 ALTER TABLE `prestamos` DISABLE KEYS */;
INSERT INTO `prestamos` VALUES (1,10,6,2732.24,'PEN',1),(2,10,6,0.29,'PEN',0),(3,12,10,5442.18,'PEN',1),(4,12,10,0.02,'PEN',0),(5,14,13,2732.24,'PEN',1),(6,14,13,0.00,'PEN',0),(7,13,11,1366.12,'PEN',1),(8,13,11,2656.28,'PEN',0),(9,13,12,1366.12,'PEN',1),(32,18,43,1369.86,'PEN',1),(11,15,14,23.00,'PEN',1),(12,15,14,1571.00,'PEN',0),(13,16,16,821.92,'PEN',1),(14,16,16,0.00,'PEN',0),(15,8,2,103.00,'PEN',1),(16,8,2,2846.00,'PEN',0),(17,18,19,1369.86,'PEN',1),(18,18,19,0.00,'PEN',0),(19,8,5,73.00,'PEN',1),(20,8,4,30.00,'PEN',1),(21,8,8,50.00,'PEN',1),(22,8,18,103.00,'PEN',1),(23,8,7,103.00,'PEN',1),(24,8,22,103.00,'PEN',1),(25,12,23,1366.12,'PEN',1),(26,12,25,1366.12,'PEN',1),(27,21,26,819.67,'PEN',1),(28,21,26,0.00,'PEN',0),(29,22,27,975.61,'USD',1),(30,22,27,1000.00,'USD',0),(31,22,28,24.39,'USD',1),(33,8,29,183.00,'PEN',1),(34,15,33,60.00,'PEN',1),(35,18,50,1064.84,'PEN',1),(36,15,51,73.00,'PEN',1),(37,8,38,300.00,'PEN',1),(38,8,42,170.00,'PEN',1),(39,15,45,200.00,'PEN',1),(40,8,21,43.00,'PEN',1),(41,8,30,183.00,'PEN',1),(42,15,31,50.00,'PEN',1),(43,26,40,1369.86,'PEN',1),(44,26,40,0.69,'PEN',0),(45,26,47,1369.86,'PEN',1),(46,8,48,53.00,'PEN',1),(47,8,49,40.00,'PEN',1),(48,18,63,1358.70,'PEN',1),(49,14,57,1369.86,'PEN',1),(50,31,59,1902.17,'PEN',1),(51,31,59,3986.64,'PEN',0),(52,12,66,1356.85,'PEN',1),(53,15,65,203.00,'PEN',1),(54,26,69,271.37,'PEN',1),(55,15,15,30.00,'PEN',1),(56,15,32,113.00,'PEN',1),(57,15,44,100.00,'PEN',1),(58,8,46,35.00,'PEN',1),(59,10,70,1356.85,'PEN',1),(60,18,71,1356.85,'PEN',1),(61,10,75,2713.70,'PEN',1),(62,35,74,320.00,'USD',1),(63,35,74,0.00,'USD',0),(64,36,76,2082.90,'PEN',1),(65,36,76,-0.24,'PEN',0),(66,36,77,991.86,'PEN',1),(67,8,81,53.00,'PEN',1),(68,12,85,2702.70,'PEN',1),(69,8,84,23.00,'PEN',1),(70,14,86,2688.17,'PEN',1),(71,42,88,2688.17,'PEN',1),(72,42,88,0.26,'PEN',0),(73,41,87,5376.34,'PEN',1),(74,41,87,0.97,'PEN',0),(75,8,90,103.00,'PEN',1),(76,8,82,70.00,'PEN',1),(77,47,95,1356.85,'PEN',1),(78,47,95,0.00,'PEN',0),(79,52,100,687.65,'PEN',1),(80,52,100,1333.33,'PEN',0),(81,8,99,33.00,'PEN',1),(82,33,103,1356.85,'PEN',1),(83,33,103,0.00,'PEN',0),(84,52,107,1333.33,'PEN',1),(85,31,106,3984.06,'PEN',1),(86,57,109,1333.33,'PEN',1),(87,57,109,0.00,'PEN',0),(88,12,108,1500.00,'PEN',1),(89,58,111,7957.56,'PEN',1),(90,58,111,0.01,'PEN',0),(91,12,113,3189.79,'PEN',1),(92,59,112,2656.04,'PEN',1),(93,59,112,0.00,'PEN',0),(121,13,114,2656.04,'PEN',1),(95,15,105,153.00,'PEN',1),(96,54,117,2638.52,'PEN',1),(97,54,117,-3377.38,'PEN',0),(98,61,118,5263.16,'PEN',1),(99,61,118,5263.16,'PEN',0),(100,8,115,48.00,'PEN',1),(101,15,119,53.00,'PEN',1),(102,15,120,50.00,'PEN',1),(103,63,124,2631.58,'PEN',1),(104,63,124,0.00,'PEN',0),(105,64,126,500.00,'USD',1),(106,64,126,500.00,'USD',0),(107,8,122,53.00,'PEN',1),(108,8,125,100.00,'PEN',1),(109,65,127,3174.60,'USD',1),(110,65,127,4000.00,'USD',0),(111,65,128,825.40,'USD',1),(112,41,132,3947.37,'PEN',1),(113,41,136,1319.26,'PEN',1),(114,42,137,1319.26,'PEN',1),(115,8,139,33.00,'PEN',1),(116,8,140,45.00,'PEN',1),(117,15,134,33.00,'PEN',1),(118,14,141,2638.52,'PEN',1),(119,15,135,47.00,'PEN',1),(120,8,131,50.00,'PEN',1),(122,69,144,83.00,'PEN',1),(123,69,144,83.00,'PEN',0),(124,15,148,70.00,'PEN',1),(125,8,143,103.00,'PEN',1),(126,15,147,250.00,'PEN',1),(127,15,150,63.00,'PEN',1),(128,8,151,28.00,'PEN',1),(129,8,152,25.00,'PEN',1),(130,8,157,253.00,'PEN',1),(131,8,158,73.00,'PEN',1),(132,8,162,28.00,'PEN',1),(133,8,163,100.00,'PEN',1),(134,8,164,53.00,'PEN',1),(135,77,165,589.00,'USD',1),(136,77,165,589.00,'USD',0);
/*!40000 ALTER TABLE `prestamos` ENABLE KEYS */;
UNLOCK TABLES;

--
-- Table structure for table `registros_bancos`
--

DROP TABLE IF EXISTS `registros_bancos`;
/*!40101 SET @saved_cs_client     = @@character_set_client */;
/*!40101 SET character_set_client = utf8 */;
CREATE TABLE `registros_bancos` (
  `id` int(10) unsigned NOT NULL AUTO_INCREMENT,
  `id_banco` int(10) unsigned DEFAULT NULL,
  `monto` decimal(10,2) DEFAULT NULL,
  `nota` varchar(512) DEFAULT NULL,
  `reg_date` timestamp NOT NULL DEFAULT CURRENT_TIMESTAMP,
  PRIMARY KEY (`id`),
  KEY `id_banco` (`id_banco`)
) ENGINE=MyISAM AUTO_INCREMENT=67 DEFAULT CHARSET=latin1;
/*!40101 SET character_set_client = @saved_cs_client */;

--
-- Dumping data for table `registros_bancos`
--

LOCK TABLES `registros_bancos` WRITE;
/*!40000 ALTER TABLE `registros_bancos` DISABLE KEYS */;
INSERT INTO `registros_bancos` VALUES (1,5,10512.07,'saldo inicial','2019-08-01 08:11:24'),(2,6,3913.27,'saldo inicial','2019-08-01 08:12:05'),(3,7,2537.47,'saldo inicial','2019-08-01 08:12:27'),(4,8,2971.62,'saldo inicial','2019-08-01 08:12:43'),(6,4,256226.19,'saldo inicial','2019-08-01 17:59:01'),(7,3,6267656.91,'saldo inicial','2019-08-01 17:59:23'),(8,10,37404.07,'saldo inicial','2019-08-01 18:00:47'),(9,3,10000000.00,'entrada','2019-08-01 19:27:58'),(10,3,-10000000.00,'salida a dkross','2019-08-01 19:28:14'),(11,4,10000000.00,'entrada viene de viena','2019-08-01 19:28:41'),(12,11,5000000.00,'FELIPE 43274','2019-08-01 19:28:52'),(13,4,3700000.00,'2478801674 felipe','2019-08-01 19:49:11'),(14,4,2300000.00,'2478773332felipe','2019-08-01 19:49:44'),(15,4,34000000.00,'2478849846 felipe','2019-08-01 19:51:06'),(16,12,229683.45,'SALDO INICIAL','2019-08-01 21:00:26'),(17,12,50000000.00,'REF 47900016847 FELIPE','2019-08-01 21:02:06'),(18,12,-5000000.00,'cambio felipe por dkross','2019-08-01 21:14:26'),(19,4,5000000.00,'cambio felipe por mercdkross 2479086212','2019-08-01 21:15:17'),(20,12,-5000000.00,'dev de felipe de los 50mill eran 45mill','2019-08-01 22:02:25'),(21,12,-3000000.00,'cambio felipe a dkross','2019-08-01 22:03:03'),(22,4,3000000.00,'cambio felipe por mercdkross 2479230064 ','2019-08-01 22:07:30'),(23,4,5000000.00,'error felipe cargo doble soluciona programador ','2019-08-01 22:41:43'),(24,4,-500000.00,'felipe dkros a otros ','2019-08-02 00:05:54'),(25,13,784945.14,'SALDO INICIAL PROVINCIAL','2019-08-02 00:08:39'),(26,13,500000.00,'FELIPE ENVIO DE DKROSS','2019-08-02 00:09:03'),(27,11,37404.07,'SALDO INICIAL','2019-08-02 00:10:49'),(28,4,6300000.00,'felipe ref 2479541885','2019-08-02 00:18:14'),(29,4,5000000.00,'felipe ref 2479464781','2019-08-02 00:18:59'),(30,4,8000000.00,'felipe ref 2479478354','2019-08-02 00:19:25'),(31,4,11000000.00,'felipe ref 2479471052','2019-08-02 00:19:43'),(32,4,4000000.00,'felipe ref 2479507662','2019-08-02 00:20:07'),(33,4,9700000.00,'felipe ref 2479542557','2019-08-02 00:20:42'),(34,12,50000000.00,'felipe ref47900000584','2019-08-02 02:17:30'),(35,4,9000000.00,'ref 2479777918 felipe','2019-08-02 02:20:33'),(42,3,10000000.00,'entrada imaginaria cagada de alfredo no se ','2019-08-02 15:28:27'),(37,4,6000000.00,'02479518571 felipe ','2019-08-02 07:28:45'),(38,4,-350000.00,'DEBE FELIPE','2019-08-02 07:33:34'),(39,4,-10000000.00,'cagaJA se 2 de 5mill anotadas como viena ','2019-08-02 07:39:41'),(40,13,3876000.00,'de dkross felipe','2019-08-02 08:51:14'),(41,4,-3876000.00,'a provincial felipe','2019-08-02 08:51:41'),(43,4,3877551.00,'pesos manuel 0245','2019-08-02 18:12:13'),(44,4,7800000.00,'felipe 0.247 ref 1591','2019-08-02 18:16:10'),(45,3,19500000.00,'02480801057','2019-08-02 21:13:23'),(46,3,39500000.00,'02481104984 felipe','2019-08-02 21:13:52'),(47,3,3500000.00,'02481120868 felipe','2019-08-02 21:14:24'),(48,3,17000000.00,'02481124487  felipe','2019-08-02 21:14:50'),(49,3,2500000.00,'02481179513  felipe','2019-08-02 21:15:03'),(50,3,2500000.00,'02481207092 felipe','2019-08-02 21:20:27'),(51,3,-40000000.00,'van a dkross felipe','2019-08-02 21:20:52'),(52,4,40000000.00,'vienen de viena felipe','2019-08-02 21:21:17'),(53,3,23061224.00,'ref 02481864349 venta de jesus a vip 0245','2019-08-03 04:18:23'),(54,3,30000000.00,'ref02481866997  venta de jesus a vip 0245','2019-08-03 04:18:58'),(55,3,5000000.00,'02481112119	ref felip','2019-08-03 04:27:09'),(56,4,-19500000.00,'paso felipe a viena','2019-08-03 04:28:39'),(57,13,-373195.14,'debe felipe ','2019-08-03 06:36:28'),(58,12,257960.00,'Rec 25584431780 pesos','2019-08-03 06:42:18'),(59,4,57929752.00,'ref02482623459 JESUS','2019-08-03 19:48:25'),(60,4,19000000.00,'02482702645','2019-08-03 20:15:56'),(61,4,8000000.00,'02482702645 ref jesus','2019-08-03 20:16:38'),(62,4,50400000.00,'entrada para 2 pagos jesus','2019-08-03 20:42:08'),(63,3,-3032726.83,'para cuadrar cuentas con banco','2019-08-03 20:55:49'),(64,4,3049192.85,' cuadrar saldo con banco','2019-08-03 21:17:53'),(65,12,-798406.01,'DEBE FELIPE ','2019-08-04 01:49:26'),(66,3,7422309.00,'cuadre jesus con cucuta','2019-08-04 06:36:53');
/*!40000 ALTER TABLE `registros_bancos` ENABLE KEYS */;
UNLOCK TABLES;

--
-- Table structure for table `tasas`
--

DROP TABLE IF EXISTS `tasas`;
/*!40101 SET @saved_cs_client     = @@character_set_client */;
/*!40101 SET character_set_client = utf8 */;
CREATE TABLE `tasas` (
  `divisa` varchar(4) NOT NULL,
  `tasa` decimal(10,2) DEFAULT NULL,
  PRIMARY KEY (`divisa`)
) ENGINE=MyISAM DEFAULT CHARSET=latin1;
/*!40101 SET character_set_client = @saved_cs_client */;

--
-- Dumping data for table `tasas`
--

LOCK TABLES `tasas` WRITE;
/*!40000 ALTER TABLE `tasas` DISABLE KEYS */;
INSERT INTO `tasas` VALUES ('PEN',3600.00),('USD',12050.00);
/*!40000 ALTER TABLE `tasas` ENABLE KEYS */;
UNLOCK TABLES;

--
-- Table structure for table `usuarios`
--

DROP TABLE IF EXISTS `usuarios`;
/*!40101 SET @saved_cs_client     = @@character_set_client */;
/*!40101 SET character_set_client = utf8 */;
CREATE TABLE `usuarios` (
  `id` int(10) unsigned NOT NULL AUTO_INCREMENT,
  `username` varchar(255) DEFAULT NULL,
  `password` varchar(255) DEFAULT NULL,
  `tipo` varchar(255) DEFAULT NULL,
  `reg_date` timestamp NOT NULL DEFAULT CURRENT_TIMESTAMP,
  `nombre` varchar(255) DEFAULT NULL,
  `apellido` varchar(255) DEFAULT NULL,
  `dni` varchar(255) DEFAULT NULL,
  `tlf` varchar(255) DEFAULT NULL,
  `correo` varchar(255) DEFAULT NULL,
  PRIMARY KEY (`id`),
  UNIQUE KEY `username` (`username`)
) ENGINE=MyISAM AUTO_INCREMENT=78 DEFAULT CHARSET=latin1;
/*!40101 SET character_set_client = @saved_cs_client */;

--
-- Dumping data for table `usuarios`
--

LOCK TABLES `usuarios` WRITE;
/*!40000 ALTER TABLE `usuarios` DISABLE KEYS */;
INSERT INTO `usuarios` VALUES (1,'XAVIER','$2y$10$so4d00KQIYXmgL.RfqpHcOJVtOd111gJ9f9xYbk3H3Yr76/Q7z53S','ADMIN','2019-07-28 21:03:47','JESUS','ZAMBRANO','38373434','04241438835','XAVIER.OREJARENA@GMAIL.COM'),(2,'FELIPE19339','$2y$10$BAxCDzfk1cms28ePJZrjv.VUSfeE7LYHoDhRtoHc.aGi5nAA.Zrdy','ADMIN','2019-07-28 21:05:32','ARIAGNIS','PAREJO','001786267','981323738','ARIAGNIS3@HOTMAIL.COM'),(3,'ARIAGNIS','$2y$10$CGMA9B0ht0wSoCj49uV4XuiczJgT0TNylHZLLC19fTH5GxZFc894K','OPERADOR','2019-07-28 21:08:52','NULL','NULL','null','null','NULL'),(4,'JACALZADILLA','$2y$10$.evRPYbvgJ/54xQS5Bjhoe8zQwb9tYqa1o40cxsCRb.KyYTeUpXAi','ADMIN','2019-07-28 21:11:09',NULL,NULL,NULL,NULL,NULL),(5,'CORDOVAGONZALEZAJ@HOTMAIL,COM','$2y$10$wdqRFl7fb/aRYG6ZPc.GNeOjuHVrNd0rN/us5ZjBD7HkXxnBXW.T2','REGULAR','2019-07-30 05:34:07',NULL,NULL,NULL,NULL,NULL),(6,'JOSE25','$2y$10$zixQwo6MveEPuoZVLzPn.eLZq7D96ckltRCj5iwfAJ.opyGpN7dim','OPERADOR','2019-08-01 02:27:02',NULL,NULL,NULL,NULL,NULL),(7,NULL,NULL,'REGULAR','2019-08-01 15:21:43',NULL,NULL,NULL,NULL,NULL),(8,NULL,NULL,'REGULAR','2019-08-01 15:29:32',NULL,NULL,NULL,NULL,NULL),(9,NULL,NULL,'REGULAR','2019-08-01 15:41:54',NULL,NULL,NULL,NULL,NULL),(10,NULL,NULL,'ESPECIAL','2019-08-01 16:11:17',NULL,NULL,NULL,NULL,NULL),(11,NULL,NULL,'REGULAR','2019-08-01 16:30:15',NULL,NULL,NULL,NULL,NULL),(12,NULL,NULL,'ESPECIAL','2019-08-01 16:45:15',NULL,NULL,NULL,NULL,NULL),(13,NULL,NULL,'ESPECIAL','2019-08-01 16:52:12',NULL,NULL,NULL,NULL,NULL),(14,NULL,NULL,'ESPECIAL','2019-08-01 16:56:35',NULL,NULL,NULL,NULL,NULL),(15,NULL,NULL,'REGULAR','2019-08-01 17:05:07',NULL,NULL,NULL,NULL,NULL),(16,NULL,NULL,'ESPECIAL','2019-08-01 17:46:52',NULL,NULL,NULL,NULL,NULL),(17,NULL,NULL,'REGULAR','2019-08-01 18:07:50',NULL,NULL,NULL,NULL,NULL),(18,NULL,NULL,'ESPECIAL','2019-08-01 18:12:16',NULL,NULL,NULL,NULL,NULL),(19,NULL,NULL,'REGULAR','2019-08-01 18:20:43',NULL,NULL,NULL,NULL,NULL),(20,NULL,NULL,'REGULAR','2019-08-01 18:56:48',NULL,NULL,NULL,NULL,NULL),(21,NULL,NULL,'ESPECIAL','2019-08-01 19:30:08',NULL,NULL,NULL,NULL,NULL),(22,NULL,NULL,'ESPECIAL','2019-08-01 19:57:28',NULL,NULL,NULL,NULL,NULL),(23,NULL,NULL,'REGULAR','2019-08-01 20:39:27',NULL,NULL,NULL,NULL,NULL),(24,NULL,NULL,'REGULAR','2019-08-01 20:44:33',NULL,NULL,NULL,NULL,NULL),(25,NULL,NULL,'REGULAR','2019-08-01 21:20:15',NULL,NULL,NULL,NULL,NULL),(26,NULL,NULL,'ESPECIAL','2019-08-01 21:26:41',NULL,NULL,NULL,NULL,NULL),(27,NULL,NULL,'REGULAR','2019-08-01 23:13:25',NULL,NULL,NULL,NULL,NULL),(28,NULL,NULL,'REGULAR','2019-08-01 23:19:58',NULL,NULL,NULL,NULL,NULL),(29,NULL,NULL,'REGULAR','2019-08-01 23:23:26',NULL,NULL,NULL,NULL,NULL),(30,NULL,NULL,'REGULAR','2019-08-01 23:24:42',NULL,NULL,NULL,NULL,NULL),(31,NULL,NULL,'ESPECIAL','2019-08-02 00:02:35',NULL,NULL,NULL,NULL,NULL),(32,NULL,NULL,'REGULAR','2019-08-02 00:10:34',NULL,NULL,NULL,NULL,NULL),(33,NULL,NULL,'ESPECIAL','2019-08-02 00:37:38',NULL,NULL,NULL,NULL,NULL),(34,NULL,NULL,'REGULAR','2019-08-02 01:41:34',NULL,NULL,NULL,NULL,NULL),(35,NULL,NULL,'ESPECIAL','2019-08-02 14:39:23',NULL,NULL,NULL,NULL,NULL),(36,NULL,NULL,'ESPECIAL','2019-08-02 15:30:33',NULL,NULL,NULL,NULL,NULL),(37,NULL,NULL,'REGULAR','2019-08-02 15:40:23',NULL,NULL,NULL,NULL,NULL),(38,NULL,NULL,'REGULAR','2019-08-02 15:59:06',NULL,NULL,NULL,NULL,NULL),(39,NULL,NULL,'REGULAR','2019-08-02 16:18:06',NULL,NULL,NULL,NULL,NULL),(40,NULL,NULL,'REGULAR','2019-08-02 16:29:11',NULL,NULL,NULL,NULL,NULL),(41,NULL,NULL,'ESPECIAL','2019-08-02 18:13:01',NULL,NULL,NULL,NULL,NULL),(42,NULL,NULL,'ESPECIAL','2019-08-02 18:14:20',NULL,NULL,NULL,NULL,NULL),(43,NULL,NULL,'REGULAR','2019-08-02 18:33:50',NULL,NULL,NULL,NULL,NULL),(44,NULL,NULL,'REGULAR','2019-08-02 19:11:10',NULL,NULL,NULL,NULL,NULL),(45,NULL,NULL,'REGULAR','2019-08-02 19:55:59',NULL,NULL,NULL,NULL,NULL),(46,NULL,NULL,'REGULAR','2019-08-02 20:11:20',NULL,NULL,NULL,NULL,NULL),(47,NULL,NULL,'ESPECIAL','2019-08-02 20:11:40',NULL,NULL,NULL,NULL,NULL),(48,NULL,NULL,'REGULAR','2019-08-02 20:14:42',NULL,NULL,NULL,NULL,NULL),(49,NULL,NULL,'REGULAR','2019-08-02 20:44:03',NULL,NULL,NULL,NULL,NULL),(50,NULL,NULL,'REGULAR','2019-08-02 20:56:10',NULL,NULL,NULL,NULL,NULL),(51,NULL,NULL,'REGULAR','2019-08-02 21:51:07',NULL,NULL,NULL,NULL,NULL),(52,NULL,NULL,'ESPECIAL','2019-08-03 00:34:10',NULL,NULL,NULL,NULL,NULL),(53,NULL,NULL,'REGULAR','2019-08-03 02:01:52',NULL,NULL,NULL,NULL,NULL),(54,NULL,NULL,'ESPECIAL','2019-08-03 03:52:54',NULL,NULL,NULL,NULL,NULL),(55,NULL,NULL,'REGULAR','2019-08-03 13:52:19',NULL,NULL,NULL,NULL,NULL),(56,NULL,NULL,'REGULAR','2019-08-03 15:04:31',NULL,NULL,NULL,NULL,NULL),(57,NULL,NULL,'ESPECIAL','2019-08-03 15:09:51',NULL,NULL,NULL,NULL,NULL),(58,NULL,NULL,'ESPECIAL','2019-08-03 15:13:14',NULL,NULL,NULL,NULL,NULL),(59,NULL,NULL,'ESPECIAL','2019-08-03 15:15:28',NULL,NULL,NULL,NULL,NULL),(60,NULL,NULL,'REGULAR','2019-08-03 16:16:34',NULL,NULL,NULL,NULL,NULL),(61,NULL,NULL,'ESPECIAL','2019-08-03 16:38:20',NULL,NULL,NULL,NULL,NULL),(62,NULL,NULL,'REGULAR','2019-08-03 17:07:20',NULL,NULL,NULL,NULL,NULL),(63,NULL,NULL,'ESPECIAL','2019-08-03 17:24:06',NULL,NULL,NULL,NULL,NULL),(64,NULL,NULL,'ESPECIAL','2019-08-03 17:29:39',NULL,NULL,NULL,NULL,NULL),(65,NULL,NULL,'ESPECIAL','2019-08-03 17:39:14',NULL,NULL,NULL,NULL,NULL),(66,NULL,NULL,'REGULAR','2019-08-03 18:13:48',NULL,NULL,NULL,NULL,NULL),(67,NULL,NULL,'REGULAR','2019-08-03 19:05:55',NULL,NULL,NULL,NULL,NULL),(68,NULL,NULL,'REGULAR','2019-08-03 19:43:15',NULL,NULL,NULL,NULL,NULL),(69,NULL,NULL,'REGULAR','2019-08-03 20:15:05',NULL,NULL,NULL,NULL,NULL),(70,NULL,NULL,'REGULAR','2019-08-03 20:18:32',NULL,NULL,NULL,NULL,NULL),(71,NULL,NULL,'REGULAR','2019-08-03 21:58:38',NULL,NULL,NULL,NULL,NULL),(72,NULL,NULL,'REGULAR','2019-08-03 22:06:38',NULL,NULL,NULL,NULL,NULL),(73,NULL,NULL,'REGULAR','2019-08-03 22:14:23',NULL,NULL,NULL,NULL,NULL),(74,NULL,NULL,'REGULAR','2019-08-03 22:28:34',NULL,NULL,NULL,NULL,NULL),(75,NULL,NULL,'REGULAR','2019-08-03 22:33:06',NULL,NULL,NULL,NULL,NULL),(76,NULL,NULL,'REGULAR','2019-08-03 23:54:09',NULL,NULL,NULL,NULL,NULL),(77,NULL,NULL,'ESPECIAL','2019-08-04 03:34:16',NULL,NULL,NULL,NULL,NULL);
/*!40000 ALTER TABLE `usuarios` ENABLE KEYS */;
UNLOCK TABLES;

--
-- Table structure for table `usuarios_cuentas`
--

DROP TABLE IF EXISTS `usuarios_cuentas`;
/*!40101 SET @saved_cs_client     = @@character_set_client */;
/*!40101 SET character_set_client = utf8 */;
CREATE TABLE `usuarios_cuentas` (
  `id_usuario` int(10) unsigned NOT NULL DEFAULT '0',
  `id_cuenta` int(10) unsigned NOT NULL DEFAULT '0',
  PRIMARY KEY (`id_usuario`,`id_cuenta`),
  KEY `id_cuenta` (`id_cuenta`)
) ENGINE=MyISAM DEFAULT CHARSET=latin1;
/*!40101 SET character_set_client = @saved_cs_client */;

--
-- Dumping data for table `usuarios_cuentas`
--

LOCK TABLES `usuarios_cuentas` WRITE;
/*!40000 ALTER TABLE `usuarios_cuentas` DISABLE KEYS */;
INSERT INTO `usuarios_cuentas` VALUES (1,1),(1,2),(7,3),(8,4),(8,6),(8,7),(8,9),(8,10),(8,21),(8,23),(8,24),(8,32),(8,39),(8,43),(8,47),(8,48),(8,49),(8,62),(8,75),(8,76),(8,78),(8,82),(8,91),(8,106),(8,112),(8,116),(8,120),(8,126),(8,127),(8,129),(8,137),(8,139),(8,145),(8,146),(8,150),(8,151),(8,152),(10,8),(11,11),(12,12),(12,26),(12,28),(12,63),(12,101),(12,104),(13,13),(13,14),(14,15),(14,115),(15,16),(15,17),(15,33),(15,34),(15,35),(15,45),(15,46),(15,51),(15,65),(15,109),(15,110),(15,122),(15,123),(15,133),(15,134),(15,136),(16,18),(17,19),(18,20),(18,44),(18,50),(18,60),(19,22),(21,29),(22,30),(22,31),(23,36),(24,37),(24,38),(25,40),(26,41),(26,42),(27,37),(28,52),(28,53),(28,131),(29,54),(29,56),(30,55),(31,57),(31,98),(31,105),(32,58),(32,59),(33,61),(34,64),(34,66),(35,67),(35,68),(35,69),(36,70),(36,71),(37,72),(38,73),(39,74),(40,77),(41,79),(42,80),(42,124),(43,81),(44,83),(45,84),(46,85),(47,86),(48,87),(49,88),(50,89),(51,90),(52,92),(52,100),(53,93),(53,94),(54,95),(55,96),(57,99),(58,102),(59,103),(60,107),(61,108),(62,113),(63,115),(64,117),(65,118),(65,119),(66,121),(67,125),(68,128),(69,130),(70,132),(72,140),(72,141),(73,142),(74,143),(75,144),(76,147),(76,148),(77,153);
/*!40000 ALTER TABLE `usuarios_cuentas` ENABLE KEYS */;
UNLOCK TABLES;
/*!40103 SET TIME_ZONE=@OLD_TIME_ZONE */;

/*!40101 SET SQL_MODE=@OLD_SQL_MODE */;
/*!40014 SET FOREIGN_KEY_CHECKS=@OLD_FOREIGN_KEY_CHECKS */;
/*!40014 SET UNIQUE_CHECKS=@OLD_UNIQUE_CHECKS */;
/*!40101 SET CHARACTER_SET_CLIENT=@OLD_CHARACTER_SET_CLIENT */;
/*!40101 SET CHARACTER_SET_RESULTS=@OLD_CHARACTER_SET_RESULTS */;
/*!40101 SET COLLATION_CONNECTION=@OLD_COLLATION_CONNECTION */;
/*!40111 SET SQL_NOTES=@OLD_SQL_NOTES */;

-- Dump completed on 2019-08-04  8:20:02
